{
    "name": "root",
    "metadata": {
        "timer_format_version": "0.1.0",
        "start_time_seconds": "1772241621",
        "python_version": "3.10.12 (main, Feb 20 2026, 19:05:21) [GCC 13.3.0]",
        "command_line_arguments": "/home/whobitmyneck/.pyenv/versions/3.10.12/lib/python3.10/site-packages/mlagents/trainers/learn.py /mnt/c/Users/austi.DESKTOP-QRQEJQ5/projects/Hockey/Hockey/ai/hockey_defense_ppo.yaml --run-id gym_defense_v1 --results-dir /mnt/c/Users/austi.DESKTOP-QRQEJQ5/projects/Hockey/Hockey/ai/results --time-scale 20 --timeout-wait 300 --resume",
        "mlagents_version": "1.1.0",
        "mlagents_envs_version": "1.1.0",
        "communication_protocol_version": "1.5.0",
        "pytorch_version": "2.10.0+cu128",
        "numpy_version": "1.23.5",
        "end_time_seconds": "1772241922"
    },
    "total": 291.7605305699999,
    "count": 1,
    "self": 0.013111947999277618,
    "children": {
        "run_training.setup": {
            "total": 0.028784903999621747,
            "count": 1,
            "self": 0.028784903999621747
        },
        "TrainerController.start_learning": {
            "total": 291.718633718001,
            "count": 1,
            "self": 0.14399697203589312,
            "children": {
                "TrainerController._reset_env": {
                    "total": 106.50368800999968,
                    "count": 1,
                    "self": 106.50368800999968
                },
                "TrainerController.advance": {
                    "total": 184.86529913096638,
                    "count": 6334,
                    "self": 0.14421286998913274,
                    "children": {
                        "env_step": {
                            "total": 182.08367526799339,
                            "count": 6334,
                            "self": 142.59731611703864,
                            "children": {
                                "SubprocessEnvManager._take_step": {
                                    "total": 39.39359413794591,
                                    "count": 6334,
                                    "self": 0.5682762339947658,
                                    "children": {
                                        "TorchPolicy.evaluate": {
                                            "total": 38.825317903951145,
                                            "count": 5981,
                                            "self": 38.825317903951145
                                        }
                                    }
                                },
                                "workers": {
                                    "total": 0.09276501300882956,
                                    "count": 6333,
                                    "self": 0.0,
                                    "children": {
                                        "worker_root": {
                                            "total": 214.94449990896646,
                                            "count": 6333,
                                            "is_parallel": true,
                                            "self": 156.3410251119749,
                                            "children": {
                                                "run_training.setup": {
                                                    "total": 0.0,
                                                    "count": 0,
                                                    "is_parallel": true,
                                                    "self": 0.0,
                                                    "children": {
                                                        "steps_from_proto": {
                                                            "total": 0.0038499980000779033,
                                                            "count": 1,
                                                            "is_parallel": true,
                                                            "self": 0.0019523150003806222,
                                                            "children": {
                                                                "_process_rank_one_or_two_observation": {
                                                                    "total": 0.001897682999697281,
                                                                    "count": 2,
                                                                    "is_parallel": true,
                                                                    "self": 0.001897682999697281
                                                                }
                                                            }
                                                        },
                                                        "UnityEnvironment.step": {
                                                            "total": 0.03899484299836331,
                                                            "count": 1,
                                                            "is_parallel": true,
                                                            "self": 0.0001928389974636957,
                                                            "children": {
                                                                "UnityEnvironment._generate_step_input": {
                                                                    "total": 0.0003523859995766543,
                                                                    "count": 1,
                                                                    "is_parallel": true,
                                                                    "self": 0.0003523859995766543
                                                                },
                                                                "communicator.exchange": {
                                                                    "total": 0.03781099800107768,
                                                                    "count": 1,
                                                                    "is_parallel": true,
                                                                    "self": 0.03781099800107768
                                                                },
                                                                "steps_from_proto": {
                                                                    "total": 0.0006386200002452824,
                                                                    "count": 1,
                                                                    "is_parallel": true,
                                                                    "self": 0.0003707169998961035,
                                                                    "children": {
                                                                        "_process_rank_one_or_two_observation": {
                                                                            "total": 0.0002679030003491789,
                                                                            "count": 2,
                                                                            "is_parallel": true,
                                                                            "self": 0.0002679030003491789
                                                                        }
                                                                    }
                                                                }
                                                            }
                                                        }
                                                    }
                                                },
                                                "UnityEnvironment.step": {
                                                    "total": 58.60347479699158,